{"_runtime":0.79757079,"_step":0,"accuracy":0,"_timestamp":1.743632029376789e+09,"_wandb":{"runtime":0}}