{"_step":356,"accuracy":0.10266250371932983,"_timestamp":1.743628925901897e+09,"_wandb":{"runtime":107},"_runtime":106.911898526}