{"_wandb":{"runtime":1},"_runtime":0.966333483,"_step":0,"accuracy":0,"_timestamp":1.7436314386617906e+09}