{"accuracy":0,"_timestamp":1.7436313819137688e+09,"_runtime":0.743784834,"_wandb":{"runtime":0},"_step":0}