{"accuracy":0.9028335809707642,"_timestamp":1.743629048225779e+09,"_runtime":84.765922124,"_step":316,"_wandb":{"runtime":84}}