{"_timestamp":1.7436308812426143e+09,"_runtime":0.772763082,"_step":0,"_wandb":{"runtime":0},"accuracy":0}