{"_timestamp":1.7436325674110725e+09,"_runtime":0.845399137,"_step":0,"_wandb":{"runtime":32},"accuracy":0}