{"_timestamp":1.7436324217881124e+09,"_runtime":0.803975791,"_step":0,"accuracy":0,"_wandb":{"runtime":0}}