{"accuracy":0,"_timestamp":1.7436326773381464e+09,"_runtime":0.761808167,"_step":0,"_wandb":{"runtime":17}}