{"_wandb":{"runtime":0},"_timestamp":1.7436321170379758e+09,"_runtime":0.822730972,"_step":0,"accuracy":0}