{"_step":0,"_wandb":{"runtime":18},"accuracy":0,"_timestamp":1.7436324976882508e+09,"_runtime":0.788833442}