{"_step":32,"_wandb":{"runtime":28},"accuracy":0.10080000758171082,"_timestamp":1.7436317125973163e+09,"_runtime":28.32582393}