{"_runtime":0.94420593,"_step":0,"_wandb":{"runtime":1},"accuracy":0,"_timestamp":1.743632146353357e+09}