{"accuracy":0,"_timestamp":1.743632746626534e+09,"_runtime":0.822529843,"_step":0,"_wandb":{"runtime":25}}