{"accuracy":0,"_wandb":{"runtime":0},"_timestamp":1.7436322980794227e+09,"_runtime":0.7537997,"_step":0}