{"_runtime":54.257340794,"_step":177,"_wandb":{"runtime":54},"accuracy":0.10640780627727509,"_timestamp":1.7436301524564376e+09}