{"_wandb":{"runtime":28},"_runtime":0.769986144,"_step":0,"accuracy":0,"_timestamp":1.743637575771489e+09}