{"_wandb":{"runtime":41},"_timestamp":1.7436312847876263e+09,"_runtime":41.703145935,"_step":125,"accuracy":0.1097351536154747}