{"_wandb":{"runtime":47},"accuracy":0,"_timestamp":1.743629584993354e+09,"_runtime":1.000947548,"_step":0}