{"_runtime":39.096988393,"_wandb":{"runtime":39},"_step":115,"accuracy":0.10350702702999115,"_timestamp":1.743631593296877e+09}