{"_runtime":14.421793736,"_wandb":{"runtime":14},"_step":6,"accuracy":0.10080000758171082,"_timestamp":1.743631869590985e+09}