{"_wandb":{"runtime":71},"accuracy":0.09878203272819519,"_timestamp":1.743629499813347e+09,"_runtime":70.82348242,"_step":248}