{"_timestamp":1.7436291724833493e+09,"_runtime":41.772304601,"_step":127,"_wandb":{"runtime":41},"accuracy":0.10502655804157257}