{"_step":0,"_wandb":{"runtime":1},"accuracy":0,"_timestamp":1.7436311694955053e+09,"_runtime":0.826054526}