{"_step":0,"_wandb":{"runtime":31},"accuracy":0,"_timestamp":1.7436374732029274e+09,"_runtime":0.82211177}