{"_timestamp":1.7436323479253542e+09,"_runtime":18.054648937,"_step":29,"_wandb":{"runtime":18},"accuracy":0.10080000758171082}