{"_step":0,"_wandb":{"runtime":0},"accuracy":0,"_timestamp":1.743632094417071e+09,"_runtime":0.864019251}