{"_runtime":0.739186335,"_wandb":{"runtime":0},"_step":0,"accuracy":0,"_timestamp":1.7436316278195777e+09}