{"_wandb":{"runtime":117},"accuracy":0.10755937546491623,"_timestamp":1.7436298082203567e+09,"_runtime":116.996386691,"_step":437}