{"_runtime":1.041597154,"_wandb":{"runtime":20},"_step":0,"accuracy":0,"_timestamp":1.7436373953053036e+09}